ROUTEID,TRAINID,STATIONID,STATIONORDER,SCHEDULEARRIVAL,SCHEDULEDEPARTURE,PLATFORMNUMBER,DAY
1,1,1,1,,14:55,15,1
2,1,2,2,15:07,15:10,10,1
3,1,3,3,15:28,15:30,5,1
4,1,5,5,17:32,17:37,1,1
5,1,6,6,18:15,18:17,1,1
6,1,7,7,18:25,18:30,2,1
7,1,8,8,18:54,18:55,2,1
8,1,102,9,19:13,19:15,3,1
9,1,10,10,19:33,19:35,2,1
10,1,11,11,19:53,19:55,1,1
11,1,12,12,20:28,20:30,2,1
12,1,13,13,20:59,21:00,3,1
13,1,14,14,21:35,21:37,3,1
14,1,15,15,22:15,22:15,6,1
15,1,16,16,23:05,23:07,2,1
16,1,17,17,23:30,23:32,2,1
17,1,18,18,00:01,00:03,2,2
18,1,19,19,01:00,01:05,2,2
19,1,20,20,01:38,01:40,2,2
20,1,21,21,02:25,02:30,2,2
21,1,22,22,02:54,02:55,1,2
22,1,23,23,03:08,03:10,2,2
23,1,24,24,03:24,03:25,2,2
24,1,25,25,03:47,03:50,1,2
25,1,27,26,04:14,04:15,2,2
26,1,28,27,04:48,04:50,1,2
27,1,29,28,05:45,,5,2
28,1,4,4,15:52,15:55,4,1
29,2,21,3,04:43,04:45,3,2
30,2,29,4,07:20,,8,2
31,2,1,1,,19:55,16,1
32,2,15,2,01:50,01:55,3,2
33,3,1,1,,06:00,18,1
34,3,2,2,06:12,06:15,10,1
35,3,4,3,06:52,06:55,4,1
36,3,5,4,08:42,08:47,2,1
37,3,7,5,09:25,09:30,2,1
38,3,15,6,12:35,12:40,3,1
39,3,16,7,13:24,13:25,7,1
40,3,18,8,14:05,14:45,2,1
41,3,19,9,14:40,14:45,2,1
42,3,21,10,16:02,16:05,2,1
43,3,25,11,17:13,17:15,1,1
44,3,29,12,18:55,19:00,6,1
45,3,32,13,19:46,19:48,2,1
46,3,26,14,20:38,20:40,4,1
47,3,38,15,22:03,22:05,1,1
48,3,39,16,22:50,22:55,3,1
49,3,43,17,23:30,23:35,3,1
50,3,45,18,01:25,01:35,1,2
51,3,47,19,03:05,03:07,1,2
52,3,49,20,04:28,04:30,2,2
53,3,50,21,05:47,05:55,4,2
54,3,51,22,07:18,07:20,2,2
55,3,52,23,08:13,08:20,2,2
56,3,53,24,10:18,10:23,6,2
57,3,54,25,11:48,11:50,7,2
58,3,56,26,13:50,,22,2
59,4,1,1,,17:15,18,1
60,4,4,2,17:59,18:01,18,1
61,4,15,3,22:55,23:00,4,1
62,4,29,4,04:10,04:15,6,2
63,4,43,5,08:13,08:15,5,2
64,4,45,6,09:50,10:00,3,2
65,4,52,7,16:10,16:20,4,2
66,4,56,8,20:40,,19,2
67,5,1,1,,21:10,15,1
68,5,2,2,21:22,21:25,10,1
69,5,3,3,21:43,21:45,5,1
70,5,4,4,22:07,22:10,4,1
71,5,31,5,23:12,23:19,1,1
72,5,5,6,23:42,23:47,1,1
73,5,7,7,00:27,00:30,2,2
74,5,10,8,01:27,01:30,2,2
75,5,12,9,02:20,02:22,2,2
76,5,14,10,03:20,03:22,3,2
77,5,15,11,04:05,04:10,6,2
78,5,16,12,04:50,04:52,2,2
79,5,17,13,05:15,05:17,2,2
80,5,18,14,05:40,05:42,2,2
81,5,19,15,06:20,06:25,2,2
82,5,20,16,06:53,06:55,2,2
83,5,21,17,08:05,08:10,2,2
84,5,23,18,08:43,08:45,2,2
85,5,24,19,09:04,09:05,2,2
86,5,25,20,09:28,09:30,1,2
87,5,29,21,11:15,11:20,3,2
88,5,32,22,12:13,12:15,2,2
89,5,33,23,12:28,12:30,2,2
90,5,26,24,13:15,13:20,4,2
91,5,37,25,14:19,14:20,2,2
92,5,38,26,14:43,14:45,1,2
93,5,39,27,15:25,15:30,3,2
94,5,43,28,16:05,16:15,5,2
95,5,44,29,17:10,17:12,4,2
96,5,45,30,18:10,18:25,3,2
97,5,46,31,19:13,19:15,1,2
98,5,57,32,19:35,19:37,1,2
99,5,58,33,19:53,19:55,2,2
100,5,47,34,20:25,20:30,1,2
101,5,48,35,21:05,21:07,3,2
102,5,59,36,21:18,21:20,3,2
103,5,49,37,21:50,21:55,2,2
104,5,50,38,23:10,23:18,4,2
105,5,51,39,00:48,00:55,2,3
106,5,52,40,01:45,01:50,4,3
107,5,53,42,03:50,03:55,6,3
108,5,54,43,05:20,05:22,4,3
109,5,56,44,06:45,,23,3
110,6,1,1,,11:05,15,1
111,6,2,2,11:17,11:20,10,1
112,6,4,3,11:57,12:00,4,1
113,6,7,4,14:37,14:40,2,1
114,6,15,5,17:55,18:00,7,1
115,6,19,6,19:55,20:00,2,1
116,6,21,7,21:40,21:45,2,1
117,6,29,8,01:10,01:15,6,2
118,6,26,9,03:08,03:10,4,2
119,6,39,10,05:20,05:25,3,2
120,6,43,11,06:00,06:05,5,2
121,6,45,12,07:45,08:00,2,2
122,6,49,13,11:03,11:05,2,2
123,6,50,14,12:17,12:25,5,2
124,6,51,15,13:53,14:00,2,2
125,6,52,16,15:05,15:10,1,2
126,6,53,17,17:30,17:35,6,2
127,6,54,18,18:58,19:00,5,2
128,6,56,19,20:20,,23,2
129,7,2,2,19:17,19:20,10,1
130,7,4,4,20:04,20:07,4,1
131,7,7,5,22:22,22:25,2,1
132,7,10,6,23:23,23:25,2,1
133,7,12,7,00:13,00:15,2,2
134,7,14,8,01:23,01:25,3,2
135,7,15,9,02:00,02:05,6,2
136,7,16,10,02:48,02:50,2,2
137,7,17,11,03:10,03:12,2,2
138,7,18,12,03:35,03:40,2,2
139,7,19,13,04:15,04:20,2,2
140,7,20,14,04:48,04:50,2,2
141,7,21,15,05:45,05:50,2,2
142,7,22,16,06:13,06:15,1,2
143,7,23,17,06:30,06:32,2,2
144,7,24,18,06:48,06:50,2,2
145,7,25,19,07:12,07:15,1,2
146,7,28,20,08:22,08:24,1,2
147,7,1,1,,19:05,18,1
148,7,29,21,08:55,09:00,3,2
149,7,92,22,09:22,09:24,1,2
150,7,32,23,09:58,10:00,2,2
151,7,33,24,10:16,10:18,1,2
152,7,34,25,10:34,10:36,1,2
153,7,26,26,11:15,,5,2
154,8,30,1,,22:00,2,1
155,8,3,2,22:22,22:25,7,1
156,8,4,3,22:47,22:50,4,1
157,8,5,4,00:32,00:37,2,2
158,8,7,5,01:20,01:25,2,2
159,8,10,6,02:28,02:30,2,2
160,8,12,7,03:18,03:20,2,2
161,8,13,8,03:48,03:50,3,2
162,8,14,9,04:33,04:35,3,2
163,8,15,10,05:05,05:10,8,2
164,8,16,11,06:08,06:10,2,2
165,8,17,12,06:30,06:32,2,2
166,8,18,13,07:00,07:02,2,2
167,8,19,14,08:17,08:22,2,2
168,8,20,15,08:38,08:40,2,2
169,8,21,16,09:35,09:40,2,2
170,8,22,17,10:04,10:05,1,2
171,8,23,18,10:16,10:17,2,2
172,8,24,19,10:34,10:35,2,2
173,8,25,20,11:10,11:12,1,2
174,8,28,21,12:11,12:12,1,2
175,8,29,22,13:05,13:20,3,2
176,8,92,23,13:56,13:58,1,2
177,8,32,24,14:31,14:33,2,2
178,8,33,25,14:53,14:55,2,2
179,8,34,26,15:10,15:12,1,2
180,8,26,27,15:48,15:50,4,2
181,8,35,28,16:15,16:17,2,2
182,8,36,29,16:31,16:33,2,2
183,8,37,30,17:12,17:14,2,2
184,8,38,31,17:36,17:38,1,2
185,8,39,32,18:30,18:40,4,2
186,8,40,33,18:46,18:48,5,2
187,8,41,34,18:54,18:56,1,2
188,8,42,35,19:02,19:04,1,2
189,8,43,36,19:40,19:50,5,2
190,8,44,37,20:43,20:45,3,2
191,8,45,38,21:50,22:05,1,2
192,8,46,39,23:00,23:05,2,2
193,8,57,40,23:25,23:27,1,2
194,8,58,41,23:40,23:42,2,2
195,8,47,42,00:13,00:15,1,3
196,8,48,43,01:03,01:05,3,3
197,8,59,44,01:16,01:15,3,3
198,8,49,45,01:45,01:50,2,3
199,8,50,46,03:22,03:30,4,3
200,8,51,47,05:08,05:15,2,3
201,8,52,48,06:15,06:25,4,3
202,8,53,49,09:05,09:10,6,3
203,8,54,50,11:20,11:22,1,3
204,8,55,51,13:00,,3,3
205,9,30,1,,20:35,3,1
206,9,4,2,21:12,21:15,4,1
207,9,15,3,02:50,02:55,5,2
208,9,19,4,04:50,04:55,2,2
209,9,21,5,06:20,06:23,2,2
210,9,29,6,09:35,09:40,6,2
211,9,26,7,11:18,11:20,4,2
212,9,38,8,12:40,12:42,1,2
213,9,39,9,13:30,13:30,4,2
214,9,43,10,14:10,14:15,5,2
215,9,45,11,16:05,16:20,1,2
216,9,49,12,19:15,19:17,3,2
217,9,50,13,20:42,22:20,4,2
218,9,51,14,22:15,22:20,2,2
219,9,52,15,23:13,23:20,4,2
220,9,53,16,01:27,01:32,6,3
221,9,54,17,03:03,03:05,1,3
222,9,55,18,04:35,,1,3
223,10,30,1,,20:35,3,1
224,10,4,2,21:12,21:15,4,1
225,10,7,3,23:40,23:45,2,1
226,10,15,4,03:00,03:05,5,2
227,10,19,5,05:05,05:10,2,2
228,10,21,6,06:47,06:50,2,2
229,10,29,7,10:15,10:20,3,2
230,10,26,8,11:53,11:55,4,2
231,10,38,9,13:23,13:25,1,2
232,10,39,10,14:10,14:15,4,2
233,10,43,11,14:50,14:55,6,2
234,10,45,12,16:35,16:50,1,2
235,10,47,13,18:33,18:35,1,2
236,10,49,14,20:03,20:05,2,2
237,10,50,15,21:22,21:30,2,2
238,10,51,16,23:00,23:02,2,2
239,10,53,17,04:50,04:55,6,3
240,10,54,18,06:28,06:30,2,3
241,10,55,19,07:45,,2,3
242,11,55,1,,19:35,2,1
243,11,54,2,19:50,19:52,1,1
244,11,53,3,21:22,21:27,3,1
245,11,51,4,02:55,02:57,1,2
246,11,50,5,04:20,04:28,3,2
247,11,49,6,06:13,06:15,1,2
248,11,47,7,07:08,07:10,3,2
249,11,45,8,09:15,09:30,5,2
250,11,43,9,11:00,11:05,3,2
251,11,39,10,12:05,12:10,2,2
252,11,38,11,12:34,12:36,2,2
253,11,26,12,13:58,14:00,3,2
254,11,29,13,16:20,16:25,6,2
255,11,21,14,19:13,19:15,1,2
256,11,19,15,20:12,20:15,1,2
257,11,15,16,22:25,22:30,4,2
258,11,7,17,01:52,01:55,3,3
259,11,4,18,04:22,04:25,5,3
260,11,30,19,05:30,,5,3
261,12,55,1,,20:20,2,1
262,12,54,2,20:35,20:37,1,1
263,12,53,3,22:05,22:10,4,1
264,12,52,4,00:05,00:10,3,2
265,12,51,5,01:00,01:05,1,2
266,12,50,6,02:27,02:35,3,2
267,12,49,7,04:28,04:30,1,2
268,12,45,8,07:35,07:50,5,2
269,12,43,9,09:25,09:30,1,2
270,12,39,10,10:20,10:25,2,2
271,12,38,11,10:46,10:48,2,2
272,12,26,12,12:13,12:15,3,2
273,12,29,13,14:15,14:20,3,2
274,12,21,14,17:07,17:10,1,2
275,12,19,15,18:12,18:15,1,2
276,12,15,16,20:30,20:35,3,2
277,12,4,17,02:37,02:40,4,3
278,12,30,18,04:10,,5,3
279,13,55,1,,15:00,2,1
280,13,54,2,15:15,15:17,1,1
281,13,53,3,17:20,17:25,4,1
282,13,52,4,19:53,19:58,3,1
283,13,51,5,20:58,21:05,1,1
284,13,50,6,22:40,22:48,1,1
285,13,49,7,00:40,00:45,1,2
286,13,59,8,00:58,01:00,2,2
287,13,48,9,01:09,01:11,2,2
288,13,47,10,01:48,01:53,3,2
289,13,58,11,02:20,02:22,1,2
290,13,57,12,02:35,02:37,2,2
291,13,46,13,03:01,03:06,2,2
292,13,45,14,04:20,04:35,3,2
293,13,44,15,05:16,05:18,3,2
294,13,43,16,06:25,06:35,1,2
295,13,42,17,07:08,07:10,2,2
296,13,41,18,07:16,07:18,2,2
297,13,40,19,07:23,07:25,3,2
298,13,39,20,07:50,08:00,2,2
299,13,38,21,08:20,08:25,2,2
300,13,37,22,08:48,08:50,1,2
301,13,36,23,09:20,09:22,2,2
302,13,35,24,09:35,09:37,3,2
303,13,26,25,10:05,10:15,3,2
304,13,34,26,10:52,10:54,2,2
305,13,33,27,11:10,11:12,3,2
306,13,32,28,11:28,11:30,1,2
307,13,92,29,12:08,12:10,2,2
308,13,29,30,13:15,13:35,8,2
309,13,28,31,13:44,13:35,2,2
310,13,25,32,14:48,14:50,2,2
311,13,24,33,15:14,15:15,1,2
312,13,23,34,15:33,15:34,1,2
313,13,22,35,15:47,15:48,2,2
314,13,21,36,16:42,16:45,1,2
315,13,20,37,17:13,17:15,1,2
316,13,19,38,17:50,17:55,1,2
317,13,18,39,18:18,18:20,1,2
318,13,17,40,18:38,18:40,1,2
319,13,16,41,19:03,19:05,1,2
320,13,15,42,20:20,20:25,3,2
321,13,14,43,20:53,20:55,2,2
322,13,13,44,21:26,21:27,2,2
323,13,12,45,22:00,22:02,3,2
324,13,10,46,23:00,23:02,3,2
325,13,7,47,00:02,00:07,2,3
326,13,5,48,01:50,01:55,2,3
327,13,4,49,02:58,03:00,5,3
328,13,3,50,03:20,03:22,8,3
329,13,30,51,04:20,,2,3
330,14,34,2,14:53,14:55,2,1
331,14,26,1,,14:30,5,1
332,14,33,3,15:13,15:15,3,1
333,14,32,4,15:28,15:30,1,1
334,14,92,5,16:02,16:04,2,1
335,14,29,6,16:55,17:00,8,1
336,14,28,7,17:09,17:10,2,1
337,14,25,8,18:08,18:10,2,1
338,14,24,9,18:31,18:32,1,1
339,14,23,10,18:49,18:50,1,1
340,14,22,11,19:03,19:04,1,1
341,14,21,12,19:47,19:50,1,1
342,14,20,13,20:18,20:20,1,1
343,14,19,14,20:50,20:55,1,1
344,14,18,15,21:23,21:25,1,1
345,14,17,16,21:43,21:45,1,1
346,14,16,17,22:08,22:10,2,1
347,14,15,18,23:05,23:10,4,1
348,14,14,19,23:38,23:40,2,1
349,14,12,20,00:38,00:40,3,2
350,14,10,21,01:33,01:35,3,2
351,14,7,22,02:28,02:30,4,2
352,14,4,23,05:12,05:15,6,2
353,14,2,24,06:04,06:07,12,2
354,14,1,25,06:50,,18,2
355,15,54,2,14:00,14:02,1,1
356,15,53,3,15:30,15:35,1,1
357,15,52,4,18:23,17:28,3,1
358,15,51,5,18:18,18:14,1,1
359,15,50,6,19:52,20:00,3,1
360,15,49,7,22:03,22:05,1,1
361,15,45,8,01:15,01:25,5,2
362,15,43,9,02:55,03:00,2,2
363,15,39,10,03:55,04:00,2,2
364,15,26,11,05:48,05:50,3,2
365,15,29,12,08:00,08:10,8,2
366,15,21,13,11:12,11:15,1,2
367,15,19,14,12:13,12:15,1,2
368,15,15,15,14:20,14:25,4,2
369,15,7,16,17:47,17:50,3,2
370,15,4,17,21:40,21:43,6,2
371,15,2,18,22:29,22:32,12,2
372,15,1,19,23:45,,16,2
373,15,56,1,,13:55,17,1
374,16,56,1,,19:30,21,1
375,16,54,2,19:39,19:40,1,1
376,16,53,3,21:05,21:10,3,1
377,16,52,4,23:02,23:07,3,2
378,16,51,5,23:55,00:02,1,2
379,16,50,6,01:27,01:35,3,2
380,16,49,7,03:20,03:35,1,2
381,16,59,8,03:43,03:45,1,2
382,16,48,9,03:54,03:56,1,2
383,16,47,10,04:30,04:45,2,2
384,16,58,11,05:00,05:02,1,2
385,16,57,12,05:13,05:15,2,2
386,16,46,13,05:38,05:40,2,2
387,16,45,14,06:50,07:05,3,2
388,16,44,15,07:43,07:45,3,2
389,16,43,16,08:40,08:45,1,2
390,16,39,17,09:35,09:40,2,2
391,16,38,18,10:01,10:03,2,2
392,16,37,19,10:28,10:30,1,2
393,16,26,20,11:38,11:40,3,2
394,16,33,21,12:14,12:16,3,2
395,16,32,22,12:30,12:32,1,2
396,16,29,23,13:55,14:00,3,2
397,16,25,24,15:04,15:06,2,2
398,16,24,25,15:29,15:30,1,2
399,16,23,26,15:42,15:43,1,2
400,16,21,27,17:22,17:25,1,2
401,16,20,28,17:53,17:55,1,2
402,16,19,29,18:25,18:30,1,2
403,16,18,30,18:58,19:00,1,2
404,16,17,31,19:20,19:22,1,2
405,16,16,32,19:48,19:50,1,2
406,16,15,33,20:40,20:45,4,2
407,16,14,34,21:10,21:12,2,2
408,16,12,35,22:15,22:17,3,2
409,16,10,36,23:18,23:20,3,2
410,16,7,37,00:20,00:25,3,3
411,16,5,38,01:00,01:05,2,3
412,16,31,39,02:00,02:10,1,3
413,16,4,40,03:07,03:10,5,3
414,16,3,41,03:30,03:32,6,3
415,16,2,42,03:52,03:55,12,3
416,16,1,43,04:25,,15,3
417,17,56,1,,05:45,22,1
418,17,52,2,08:48,08:58,3,1
419,17,45,3,14:55,15:05,3,1
420,17,43,4,16:35,16:37,1,1
421,17,29,5,20:50,20:55,3,1
422,17,15,6,01:25,01:30,4,2
423,17,4,7,07:00,07:02,5,2
424,17,1,8,05:15,,17,2
425,18,56,1,,13:50,21,1
426,18,54,2,14:00,14:02,1,1
427,18,53,3,15:15,15:20,3,1
428,18,52,4,17:48,17:10,3,1
429,18,51,5,18:03,18:05,1,1
430,18,50,6,19:32,19:40,1,1
431,18,49,7,21:48,21:50,1,1
432,18,47,8,22:48,22:50,3,1
433,18,45,9,01:00,01:10,3,2
434,18,43,10,02:40,02:45,1,2
435,18,39,11,03:40,03:45,3,2
436,18,38,12,04:06,04:08,2,2
437,18,26,13,05:33,05:35,3,2
438,18,32,14,06:40,06:45,1,2
439,18,29,15,07:40,07:45,8,2
440,18,25,16,08:48,08:50,1,2
441,18,21,17,10:27,10:30,1,2
442,18,19,18,11:25,11:30,1,2
443,18,18,19,11:58,12:00,1,2
444,18,16,20,12:38,12:40,1,2
445,18,15,21,13:40,13:45,3,2
446,18,7,22,17:05,17:10,3,2
447,18,5,23,18:00,18:05,3,2
448,18,4,24,20:02,20:05,5,2
449,18,2,25,20:47,20:48,12,2
450,18,1,26,21:20,,18,2
451,19,29,1,,20:30,8,1
452,19,21,2,22:38,22:50,1,1
453,19,15,3,01:10,10:15,4,2
454,19,1,4,08:05,,18,2
455,20,29,1,,21:15,6,1
456,20,28,2,21:23,21:25,2,1
457,20,27,3,21:53,21:54,1,1
458,20,25,4,22:17,22:20,2,1
459,20,24,5,22:41,22:42,1,1
460,20,23,6,22:58,23:00,1,1
461,20,22,7,23:14,23:15,2,1
462,20,21,8,00:02,00:05,1,2
463,20,20,9,00:36,00:38,1,2
464,20,19,10,01:05,01:10,1,2
465,20,18,11,01:38,01:40,1,2
466,20,17,12,02:03,02:05,1,2
467,20,16,13,02:28,02:30,1,2
468,20,15,14,03:40,03:45,3,2
469,20,14,15,04:13,04:15,2,2
470,20,13,16,04:48,04:50,2,2
471,20,12,17,05:23,05:25,3,2
472,20,11,18,05:54,05:55,2,2
473,20,10,19,06:18,06:20,3,2
474,20,102,20,06:44,06:45,2,2
475,20,8,21,06:59,07:00,3,2
476,20,7,22,07:27,07:30,3,2
477,20,6,23,07:40,07:42,2,2
478,20,5,24,08:47,08:52,4,2
479,20,4,25,10:42,10:45,6,2
480,20,3,26,11:05,11:07,6,2
481,20,2,27,11:27,11:30,12,2
482,20,1,28,12:05,,15,2
483,21,1,1,,19:35,11,1
484,21,2,2,17:47,19:50,10,1
485,21,4,3,20:32,20:35,4,1
486,21,31,4,21:42,21:45,1,1
487,21,7,5,22:55,23:00,2,1
488,21,10,6,00:07,00:10,2,2
489,21,12,7,00:53,00:55,2,2
490,21,14,8,02:03,02:05,3,2
491,21,15,9,02:40,02:45,5,2
492,21,60,10,03:28,03:30,2,2
493,21,83,11,04:52,04:55,4,2
494,21,84,12,05:42,05:45,1,2
495,21,85,13,06:01,06:03,1,2
496,21,68,14,07:50,08:00,1,2
497,21,69,15,08:18,08:20,1,2
498,21,86,16,09:28,09:30,1,2
499,21,70,17,09:45,09:50,3,2
500,21,71,18,10:25,10:27,1,2
501,21,73,19,10:51,10:53,1,2
502,21,74,20,12:00,12:05,5,2
503,21,75,21,12:50,12:52,3,2
504,21,76,22,14:15,14:20,4,2
505,21,77,23,14:44,14:46,1,2
506,21,78,24,15:40,15:42,3,2
507,21,79,25,18:00,18:05,3,2
508,21,80,26,18:45,18:50,2,2
509,21,81,27,20:55,20:57,2,2
510,21,82,28,21:25,,3,2
511,22,1,1,,23:30,15,1
512,22,2,3,23:37,23:40,4,1
513,22,3,4,00:02,00:05,5,2
514,22,4,5,00:32,00:35,4,2
515,22,31,6,01:28,01:31,1,2
516,22,6,7,02:43,02:44,1,2
517,22,7,9,02:50,02:55,2,2
518,22,10,10,04:02,04:05,2,2
519,22,12,11,04:58,05:00,2,2
520,22,13,12,05:28,05:30,3,2
521,22,14,13,06:13,06:15,3,2
522,22,15,15,06:45,06:50,5,2
523,22,60,16,07:43,07:45,2,2
524,22,83,17,09:15,09:20,2,2
525,22,84,18,10:28,10:30,1,2
526,22,85,19,10:55,10:57,2,2
527,22,68,21,12:25,12:35,1,2
528,22,69,22,12:52,12:54,1,2
529,22,86,23,14:46,14:48,3,2
530,22,70,24,15:25,15:30,2,2
531,22,71,25,16:08,16:10,1,2
532,22,73,27,16:45,16:47,1,2
533,22,74,28,17:50,17:55,4,2
534,22,75,29,18:41,18:43,3,2
535,22,76,30,20:20,20:28,5,2
536,22,77,31,20:49,20:51,1,2
537,22,78,32,21:47,21:49,4,2
538,22,79,33,23:50,23:55,3,2
539,22,80,34,00:40,00:45,2,3
540,22,81,35,03:07,03:09,3,3
541,22,82,36,03:30,,5,3
542,23,1,1,,16:00,18,1
543,23,4,2,16:43,16:45,4,1
544,23,7,3,18:17,18:19,2,1
545,23,14,4,20:43,20:45,3,1
546,23,15,5,21:15,21:17,5,1
547,23,70,6,01:55,02:00,2,2
548,23,76,7,05:06,05:11,4,2
549,23,78,8,06:09,06:11,2,2
550,23,79,9,07:30,07:32,3,2
551,23,81,10,09:55,,4,2
552,24,4,2,08:32,08:35,4,1
553,24,1,1,,07:30,12,1
554,24,7,3,10:57,11:00,2,1
555,24,15,4,14:10,14:15,5,1
556,24,83,5,16:13,16:15,4,1
557,24,70,6,20:20,20:30,2,1
558,24,76,7,00:40,00:45,5,2
559,24,79,8,03:40,03:42,3,2
560,24,81,9,06:40,,1,2
561,25,81,1,,22:40,2,1
562,25,79,2,00:50,00:55,1,2
563,25,76,3,03:50,03:55,3,2
564,25,1,9,20:22,,12,2
565,25,70,4,07:40,07:50,1,2
566,25,83,5,12:23,12:25,5,2
567,25,15,6,14:15,14:20,3,2
568,25,7,7,17:32,17:35,3,2
569,25,4,8,20:22,20:25,6,2
570,26,81,1,,16:55,5,1
571,26,79,2,18:45,18:47,1,1
572,26,78,4,20:08,20:10,1,1
573,26,76,5,21:28,21:33,3,1
574,26,70,6,00:35,00:40,1,2
575,26,15,7,05:15,05:17,4,2
576,26,14,8,05:38,05:40,2,2
577,26,7,9,08:08,08:10,3,2
578,26,4,10,10:13,10:15,5,2
579,26,1,11,11:15,,18,2
580,27,82,1,,20:40,7,1
581,27,81,3,20:51,20:53,4,1
582,27,80,4,22:50,22:55,1,1
583,27,79,5,23:45,23:50,1,1
584,27,78,6,01:49,01:51,1,2
585,27,77,7,02:52,02:54,2,2
586,27,76,9,04:05,04:10,3,2
587,27,75,10,05:56,05:58,2,2
588,27,74,11,07:05,07:10,3,2
589,27,73,12,07:48,07:50,3,2
590,27,71,13,08:20,08:22,3,2
591,27,70,15,09:20,09:25,1,2
592,27,86,16,09:37,09:39,4,2
593,27,69,17,10:48,10:50,2,2
594,27,68,18,11:15,11:25,3,2
595,27,85,19,12:28,12:30,3,2
596,27,84,21,12:48,12:50,2,2
597,27,83,22,14:23,14:25,1,2
598,27,60,23,15:23,15:25,1,2
599,27,15,24,16:30,16:35,4,2
600,27,14,25,17:00,17:02,2,2
601,27,13,27,17:33,17:35,2,2
602,27,12,28,18:10,18:12,3,2
603,27,10,29,19:13,19:15,3,2
604,27,7,30,20:10,20:13,3,2
605,27,6,31,20:19,20:20,2,2
606,27,4,32,22:47,22:50,5,2
607,27,3,33,23:12,23:15,6,2
608,27,2,34,23:37,23:40,6,2
609,27,1,35,00:05,,14,3
610,28,82,1,,05:10,15,1
611,28,81,2,05:20,05:25,4,1
612,28,80,3,07:23,07:28,5,1
613,28,79,4,08:10,08:15,5,1
614,28,78,5,10:19,10:21,2,1
615,28,77,6,11:20,11:22,2,1
616,28,76,7,12:15,12:22,8,1
617,28,75,8,13:25,13:27,2,1
618,28,74,9,14:35,14:40,2,1
619,28,73,10,15:12,15:14,2,1
620,28,71,11,15:38,15:40,2,1
621,28,70,12,16:35,16:40,5,1
622,28,86,13,16:53,16:55,2,1
623,28,69,14,17:58,18:00,2,1
624,28,68,15,18:35,18:45,2,1
625,28,85,16,19:36,19:38,2,1
626,28,84,17,19:58,20:00,2,1
627,28,83,18,21:37,21:40,3,1
628,28,60,19,22:28,22:30,2,1
629,28,15,20,23:25,23:30,2,1
630,28,14,21,00:01,00:03,2,2
631,28,12,22,01:00,01:02,2,2
632,28,10,23,06:12,06:15,6,1
633,28,7,24,03:00,03:05,2,2
634,28,31,25,01:55,02:00,2,2
635,28,4,26,21:15,21:15,6,2
636,28,2,27,07:02,07:05,6,1
637,28,1,28,07:35,,11,1
638,29,90,1,,18:10,3,1
639,29,91,3,00:40,00:50,9,2
640,29,93,4,04:07,04:10,2,2
641,29,96,5,05:38,05:40,1,2
642,29,95,6,06:42,06:45,1,2
643,29,89,7,08:05,08:10,4,2
644,29,88,9,08:25,08:27,2,2
645,29,87,10,09:29,09:30,1,2
646,29,9,11,10:03,10:05,3,2
647,29,29,12,11:25,11:30,1,2
648,29,62,13,12:33,12:34,1,2
649,29,63,15,12:49,12:50,3,2
650,29,65,16,13:48,13:50,3,2
651,29,66,17,14:08,14:10,2,2
652,29,67,18,14:49,14:50,1,2
653,29,68,19,16:40,16:50,3,2
654,29,69,21,17:08,17:10,1,2
655,29,86,22,18:18,18:20,3,2
656,29,70,23,18:40,18:45,2,2
657,29,71,24,19:20,19:22,2,2
658,29,73,25,19:53,19:55,1,2
659,29,74,27,20:50,20:55,4,2
660,29,76,28,22:50,22:55,4,2
661,29,78,29,23:55,23:57,4,2
662,29,79,30,01:48,01:53,5,3
663,29,80,31,02:35,02:40,2,3
664,29,81,32,04:40,04:42,3,3
665,29,82,33,05:10,,7,3
666,30,90,33,,22:00,5,1
667,30,91,34,03:40,03:50,10,2
668,30,93,35,06:50,06:52,2,2
669,30,89,4,10:30,10:35,4,2
670,30,29,5,13:45,13:50,1,2
671,30,68,6,18:30,18:35,1,2
672,30,70,7,20:10,20:20,3,2
673,30,76,8,00:26,00:31,5,3
674,30,78,9,01:32,01:34,2,3
675,30,79,10,03:05,03:07,3,3
676,30,81,11,06:00,06:02,2,3
677,30,82,12,06:30,,3,3
678,31,94,1,,22:00,8,1
679,31,91,2,03:25,03:40,7,2
680,31,93,3,06:44,06:45,2,2
681,31,96,4,08:29,08:30,1,2
682,31,95,5,09:39,09:40,1,2
683,31,89,6,11:05,11:10,4,2
684,31,88,7,11:25,11:27,2,2
685,31,29,8,14:10,14:15,1,2
686,31,70,9,20:20,20:30,3,2
687,31,76,10,00:06,00:11,5,3
688,31,78,11,01:09,01:11,2,3
689,31,79,12,02:40,02:42,2,3
690,31,82,13,05:40,,3,3
691,32,99,1,,06:00,5,1
692,32,98,2,06:20,06:25,1,1
693,32,97,3,07:58,08:00,1,1
694,32,96,4,09:28,09:30,1,1
695,32,95,5,10:39,10:40,1,1
696,32,89,6,11:55,12:00,4,1
697,32,88,7,12:15,12:17,2,1
698,32,29,8,15:20,15:25,1,1
699,32,70,9,21:45,21:55,3,1
700,32,76,10,01:16,01:24,5,2
701,32,78,11,02:45,02:47,2,2
702,32,79,12,04:25,04:27,2,2
703,32,80,13,05:05,05:10,2,2
704,32,81,14,07:33,07:35,2,2
705,32,82,15,08:00,,5,2
706,33,100,18,,12:15,4,1
707,33,91,19,10:45,10:55,10,2
708,33,93,21,13:03,13:05,2,2
709,33,96,22,15:13,15:15,1,2
710,33,89,23,18:10,18:15,4,2
711,33,88,24,18:30,18:32,2,2
712,33,9,25,20:03,20:05,3,2
713,33,29,27,21:10,21:15,1,2
714,33,68,28,02:05,02:10,4,3
715,33,70,29,03:45,03:55,3,3
716,33,74,30,05:40,05:45,5,3
717,33,76,31,07:25,07:30,4,3
718,33,78,32,08:40,08:42,2,3
719,33,79,33,10:10,10:15,2,3
720,33,80,34,10:50,10:52,2,3
721,33,81,35,12:50,12:52,2,3
722,33,82,17,13:30,,7,3
723,34,99,1,,23:00,5,1
724,34,98,3,23:20,23:25,8,1
725,34,97,4,01:13,01:15,1,2
726,34,95,5,03:38,03:40,1,2
727,34,89,6,05:55,06:00,4,2
728,34,88,7,06:15,06:17,2,2
729,34,87,9,07:20,07:21,1,2
730,34,9,10,07:53,07:55,3,2
731,34,27,11,08:15,08:16,2,2
732,34,28,12,08:59,09:00,1,2
733,34,29,13,09:20,09:25,1,2
734,34,63,15,10:44,10:45,3,2
735,34,64,16,11:29,11:30,1,2
736,34,65,17,11:43,11:45,3,2
737,34,66,18,12:03,12:05,2,2
738,34,67,19,12:41,12:42,1,2
739,34,68,21,15:15,15:25,1,2
740,34,69,22,15:42,15:44,1,2
741,34,86,23,16:53,16:55,3,2
742,34,70,24,17:10,17:15,2,2
743,34,71,25,17:53,17:55,2,2
744,34,73,27,18:18,18:20,1,2
745,34,74,28,19:20,19:25,4,2
746,34,75,29,20:04,20:06,3,2
747,34,76,30,21:20,21:28,4,2
748,34,77,31,21:49,21:51,1,2
749,34,78,32,22:44,22:46,4,2
750,34,79,33,00:30,00:35,3,3
751,34,80,34,01:10,01:15,3,3
752,34,81,35,03:45,,8,3
753,35,58,1,,03:52,1,1
754,35,45,3,05:40,05:50,4,1
755,35,44,4,06:28,06:30,3,1
756,35,43,5,07:30,07:40,1,1
757,35,39,6,08:30,08:35,2,1
758,35,38,7,08:54,08:56,2,1
759,35,37,9,09:19,09:21,1,1
760,35,25,10,10:28,10:30,3,1
761,35,33,11,11:06,11:08,3,1
762,35,32,12,11:22,11:24,1,1
763,35,29,13,12:35,12:55,4,1
764,35,61,15,13:44,13:45,2,1
765,35,62,16,14:03,14:04,1,1
766,35,63,17,14:09,14:10,3,1
767,35,64,18,14:44,14:45,1,1
768,35,65,19,15:00,15:02,3,1
769,35,66,21,15:18,15:20,2,1
770,35,67,22,15:57,15:58,1,1
771,35,68,23,17:45,17:50,1,1
772,35,69,24,18:08,18:10,1,1
773,35,70,25,19:25,19:35,2,1
774,35,71,27,20:15,20:17,1,1
775,35,73,28,20:36,20:38,2,1
776,35,74,29,21:38,21:40,4,1
777,35,75,30,22:20,22:22,3,1
778,35,76,31,23:30,23:38,4,1
779,35,77,32,00:01,00:03,2,2
780,35,78,33,00:48,00:50,2,2
781,35,79,34,02:15,02:20,3,2
782,35,80,35,02:55,02:57,2,2
783,35,81,36,05:00,,3,2
784,36,15,1,,06:00,7,1
785,36,16,3,06:38,06:40,2,1
786,36,18,4,07:13,07:15,2,1
787,36,19,5,07:45,07:50,2,1
788,36,20,6,08:14,08:15,2,1
789,36,21,7,09:07,09:10,2,1
790,36,23,9,09:44,09:45,2,1
791,36,24,10,10:01,10:02,2,1
792,36,25,11,10:28,10:30,1,1
793,36,29,12,12:40,12:55,1,1
794,36,61,13,13:44,13:45,2,1
795,36,62,15,14:03,14:04,1,1
796,36,63,16,14:09,14:10,3,1
797,36,64,17,14:44,14:45,1,1
798,36,65,18,15:00,15:02,3,1
799,36,66,19,15:18,15:20,2,1
800,36,67,21,15:57,15:58,1,1
801,36,68,22,17:45,17:50,4,1
802,36,69,23,18:08,18:10,1,1
803,36,70,24,19:25,19:35,2,1
804,36,71,25,20:15,20:17,1,1
805,36,73,27,20:36,20:38,2,1
806,36,74,28,21:38,21:40,4,1
807,36,75,29,22:20,22:22,3,1
808,36,76,30,23:30,23:38,4,1
809,36,78,31,00:43,00:45,2,2
810,36,79,32,02:15,02:20,3,2
811,36,80,33,02:55,02:57,2,2
812,36,81,34,05:00,,3,2
813,37,101,35,,20:00,8,1
814,37,98,3,07:05,07:15,1,2
815,37,97,4,08:48,08:50,1,2
816,37,89,5,12:10,12:15,4,2
817,37,29,6,14:55,15:00,1,2
818,37,68,7,19:16,19:18,1,2
819,37,70,9,20:50,21:00,3,2
820,37,76,10,00:16,00:21,4,3
821,37,78,11,01:19,01:21,2,3
822,37,79,12,02:55,02:57,2,3
823,37,81,13,05:30,,8,3
824,38,90,1,,06:35,1,1
825,38,91,2,12:10,12:20,6,1
826,38,89,3,17:55,18:00,4,1
827,38,29,4,20:40,20:45,1,1
828,38,86,5,02:04,02:12,1,2
829,38,76,6,05:30,05:35,5,2
830,38,78,7,06:33,06:35,2,2
831,38,81,8,10:40,,6,2
832,39,45,1,,14:15,4,1
833,39,44,3,15:01,15:03,3,1
834,39,43,4,16:05,16:15,1,1
835,39,41,5,16:53,16:55,2,1
836,39,39,6,17:25,17:30,2,1
837,39,38,7,17:49,17:51,1,1
838,39,37,9,18:14,18:16,4,1
839,39,36,10,18:47,18:49,3,1
840,39,35,11,19:02,19:04,3,1
841,39,25,12,19:30,19:35,3,1
842,39,34,13,19:58,20:00,2,1
843,39,33,15,20:18,20:20,3,1
844,39,32,16,20:33,20:35,1,1
845,39,92,17,21:13,21:15,2,1
846,39,29,18,22:00,22:20,3,1
847,39,61,19,23:07,23:08,2,1
848,39,62,21,23:28,23:30,1,1
849,39,63,22,23:43,23:45,3,1
850,39,64,23,00:24,00:25,1,2
851,39,65,24,00:40,00:42,3,2
852,39,66,25,01:00,01:02,2,2
853,39,67,27,01:37,01:38,1,2
854,39,68,28,04:10,04:20,1,2
855,39,69,29,04:37,04:39,1,2
856,39,86,30,05:58,06:00,1,2
857,39,70,31,06:10,06:15,3,2
858,39,71,32,06:50,06:52,1,2
859,39,73,33,07:15,07:17,1,2
860,39,74,34,09:15,09:20,4,2
861,39,75,35,10:06,10:08,3,2
862,39,76,36,11:52,12:00,4,2
863,39,77,37,12:20,12:22,1,2
864,39,78,38,13:38,13:40,2,2
865,39,79,39,16:15,16:20,2,2
866,39,80,40,17:00,17:05,2,2
867,39,81,41,19:50,,2,2
868,40,45,1,,14:00,1,1
869,40,43,2,15:30,15:35,1,1
870,40,39,3,16:25,16:30,2,1
871,40,38,4,16:49,16:51,2,1
872,40,26,5,18:13,18:15,3,1
873,40,29,6,20:25,20:35,3,1
874,40,70,7,02:05,02:15,3,2
875,40,76,8,05:20,05:25,5,2
876,40,78,9,06:23,06:25,2,2
877,40,82,10,10:40,,13,2
878,41,82,1,,16:10,4,1
879,41,80,3,17:40,17:45,1,1
880,41,79,4,18:30,18:35,1,1
881,41,78,5,20:53,20:55,1,1
882,41,76,6,23:00,23:08,2,1
883,41,74,7,01:20,01:25,3,2
884,41,73,9,01:56,01:58,3,2
885,41,71,10,02:23,02:25,3,2
886,41,70,11,03:15,03:20,1,2
887,41,86,12,03:33,03:35,4,2
888,41,69,13,04:28,04:30,2,2
889,41,68,15,05:15,05:25,3,2
890,41,67,16,06:35,06:36,2,2
891,41,66,17,07:08,07:10,1,2
892,41,65,18,07:38,07:40,2,2
893,41,63,19,08:40,08:41,2,2
894,41,62,21,08:54,08:55,2,2
895,41,29,22,10:15,10:20,2,2
896,41,9,23,11:16,11:18,4,2
897,41,87,24,11:44,11:45,2,2
898,41,88,25,13:08,13:10,1,2
899,41,89,27,14:20,14:25,2,2
900,41,95,28,15:19,15:20,2,2
901,41,96,29,16:09,16:10,2,2
902,41,93,30,17:45,17:50,1,2
903,41,91,31,21:25,21:35,10,2
904,41,90,32,04:45,,3,3
905,42,82,1,,21:05,3,1
906,42,79,2,23:25,23:27,2,1
907,42,78,3,01:13,01:15,1,2
908,42,76,4,02:35,02:43,3,2
909,42,70,5,06:45,06:50,1,2
910,42,68,6,08:35,08:40,2,2
911,42,29,7,13:05,13:10,2,2
912,42,89,8,16:20,16:25,1,2
913,42,93,9,19:48,19:50,1,2
914,42,91,10,23:00,23:10,8,2
915,42,90,11,06:35,,4,3
916,43,82,1,,20:00,4,1
917,43,79,2,22:03,22:05,1,1
918,43,78,3,23:43,23:45,1,1
919,43,76,4,01:10,01:15,2,2
920,43,70,5,04:35,04:45,1,2
921,43,29,6,10:25,10:30,2,2
922,43,88,7,13:00,13:02,1,2
923,43,89,8,14:00,14:05,2,2
924,43,95,9,14:59,15:00,2,2
925,43,96,10,15:49,15:50,2,2
926,43,93,11,17:29,17:30,1,2
927,43,91,12,21:15,21:30,7,2
928,43,94,13,04:20,,2,3
929,44,82,1,,16:00,5,1
930,44,80,3,17:26,17:31,1,1
931,44,79,4,18:05,18:07,2,1
932,44,78,5,19:58,20:00,1,1
933,44,76,6,21:45,21:53,3,1
934,44,70,7,01:20,01:30,1,2
935,44,29,9,07:10,07:15,2,2
936,44,88,10,09:36,09:38,1,2
937,44,89,11,10:40,10:45,1,2
938,44,95,12,11:38,11:39,2,2
939,44,96,13,12:31,12:32,2,2
940,44,97,15,13:53,13:55,2,2
941,44,98,16,15:55,16:00,7,2
942,44,99,17,17:10,,5,2
943,45,82,1,,20:10,3,1
944,45,80,2,21:38,21:40,1,1
945,45,79,3,22:20,22:25,1,1
946,45,78,4,00:03,00:05,1,2
947,45,76,5,01:30,01:38,2,2
948,45,74,6,03:35,03:40,3,2
949,45,70,7,05:20,05:25,1,2
950,45,68,8,07:05,07:15,2,2
951,45,29,9,11:45,11:50,2,2
952,45,9,10,12:43,12:45,4,2
953,45,88,11,14:13,14:15,1,2
954,45,89,12,15:10,15:15,1,2
955,45,96,13,16:59,17:00,2,2
956,45,93,14,18:25,18:30,1,2
957,45,91,15,22:15,22:25,10,2
958,45,100,16,21:50,,4,3
959,46,81,1,,22:50,6,1
960,46,80,3,00:30,00:35,1,2
961,46,79,4,01:10,01:15,1,2
962,46,78,5,03:20,03:22,1,2
963,46,77,6,04:21,04:23,2,2
964,46,76,7,05:02,05:10,2,2
965,46,75,9,06:11,06:13,2,2
966,46,74,10,07:25,07:30,3,2
967,46,73,11,08:08,08:10,3,2
968,46,71,12,08:36,08:38,3,2
969,46,70,13,09:35,09:40,1,2
970,46,86,15,09:53,09:55,4,2
971,46,69,16,11:08,11:10,2,2
972,46,68,17,11:50,12:00,2,2
973,46,67,18,12:59,13:00,2,2
974,46,66,19,13:46,13:48,1,2
975,46,65,21,14:06,14:08,2,2
976,46,64,22,14:24,14:25,2,2
977,46,63,23,15:02,15:03,2,2
978,46,29,24,17:05,17:10,2,2
979,46,27,25,17:49,17:50,1,2
980,46,9,27,18:03,18:05,4,2
981,46,87,28,18:33,18:34,2,2
982,46,88,29,19:33,19:35,1,2
983,46,89,30,20:55,21:00,1,2
984,46,95,31,21:48,21:50,2,2
985,46,96,32,22:38,22:40,2,2
986,46,97,33,00:18,00:20,3,3
987,46,98,34,02:50,02:55,6,3
988,46,99,35,03:50,,6,3
989,47,81,1,,15:05,6,1
990,47,80,3,16:30,16:32,1,1
991,47,79,4,17:15,17:20,2,1
992,47,78,5,19:28,19:30,1,1
993,47,77,6,20:20,20:22,5,1
994,47,76,7,20:55,21:03,1,1
995,47,75,9,21:58,22:00,2,1
996,47,74,10,23:18,23:20,3,1
997,47,73,11,23:53,23:55,3,1
998,47,71,12,00:20,00:22,3,2
999,47,70,13,01:05,01:10,1,2
1000,47,69,15,02:12,02:14,2,2
1001,47,68,16,02:45,02:55,4,2
1002,47,67,17,04:05,04:06,3,2
1003,47,66,18,04:44,04:46,1,2
1004,47,65,19,05:07,05:09,2,2
1005,47,64,21,05:25,05:26,2,2
1006,47,63,22,06:06,06:07,2,2
1007,47,62,23,06:20,06:21,2,2
1008,47,61,24,06:40,06:41,1,2
1009,47,29,25,08:20,08:35,4,2
1010,47,32,27,09:18,09:20,2,2
1011,47,33,28,09:36,09:38,2,2
1012,47,25,29,10:23,10:25,4,2
1013,47,37,30,11:28,11:30,2,2
1014,47,38,31,11:53,11:55,1,2
1015,47,39,32,12:50,12:55,3,2
1016,47,43,33,13:30,13:35,5,2
1017,47,44,34,14:28,14:30,4,2
1018,47,45,35,15:30,15:45,3,2
1019,47,58,36,17:07,,2,2
1020,48,81,1,,15:05,7,1
1021,48,80,3,16:30,16:32,1,1
1022,48,79,4,17:15,17:20,3,1
1023,48,78,5,19:28,19:30,1,1
1024,48,76,6,20:55,21:03,1,1
1025,48,75,7,21:58,22:00,2,1
1026,48,74,9,23:18,23:20,3,1
1027,48,73,10,23:53,23:55,3,1
1028,48,71,11,00:20,00:22,3,2
1029,48,70,12,01:05,01:10,1,2
1030,48,69,13,02:12,02:14,2,2
1031,48,68,15,02:45,02:55,4,2
1032,48,67,16,04:05,04:06,2,2
1033,48,66,17,04:44,04:46,1,2
1034,48,65,18,05:07,05:09,2,2
1035,48,64,19,05:25,05:26,2,2
1036,48,63,21,06:06,06:07,2,2
1037,48,62,22,06:20,06:21,2,2
1038,48,61,23,06:40,06:41,1,2
1039,48,29,24,08:20,08:30,2,2
1040,48,25,25,09:28,09:30,2,2
1041,48,24,27,09:53,09:54,1,2
1042,48,23,28,10:12,10:13,1,2
1043,48,21,29,11:32,11:35,1,2
1044,48,20,30,12:04,12:05,1,2
1045,48,19,31,12:40,12:45,1,2
1046,48,18,32,13:13,13:15,1,2
1047,48,16,33,13:53,13:55,1,2
1048,48,15,34,15:05,,3,2
1049,49,81,1,,19:50,5,1
1050,49,79,2,21:45,21:47,1,1
1051,49,78,3,23:08,23:10,1,1
1052,49,76,4,00:25,00:30,2,2
1053,49,70,5,03:45,03:55,1,2
1054,49,68,6,05:23,05:25,4,2
1055,49,29,7,09:25,09:30,2,2
1056,49,89,8,12:15,12:20,1,2
1057,49,97,9,15:08,15:10,2,2
1058,49,98,10,17:10,17:25,10,2
1059,49,101,11,05:20,,9,3
1060,50,81,1,,15:55,6,1
1061,50,78,2,19:18,19:20,1,1
1062,50,76,3,20:45,20:50,3,1
1063,50,86,4,00:12,00:20,5,2
1064,50,29,5,05:35,05:40,2,2
1065,50,89,6,08:30,08:35,2,2
1066,50,91,7,14:20,14:30,5,2
1067,50,90,8,21:00,,1,2
1068,51,81,1,,04:25,2,2
1069,51,80,3,07:50,07:55,1,2
1070,51,79,4,08:30,08:35,2,2
1071,51,78,5,10:52,10:54,1,2
1072,51,77,6,12:06,12:08,2,2
1073,51,76,7,12:50,12:55,2,2
1074,51,75,9,14:28,14:30,2,2
1075,51,74,10,15:55,16:00,3,2
1076,51,73,11,16:37,16:39,3,2
1077,51,71,12,17:03,17:05,3,2
1078,51,70,13,17:55,18:00,1,2
1079,51,86,15,18:12,18:14,4,2
1080,51,69,16,19:17,19:19,2,2
1081,51,68,17,20:20,20:30,3,2
1082,51,67,18,21:27,21:28,2,2
1083,51,66,19,22:02,22:04,1,2
1084,51,65,21,22:25,22:27,2,2
1085,51,64,22,22:43,22:44,2,2
1086,51,63,23,23:23,23:25,2,2
1087,51,62,24,23:39,23:40,2,2
1088,51,61,25,00:01,00:02,1,3
1089,51,29,27,02:10,02:25,6,3
1090,51,92,28,02:51,02:53,1,3
1091,51,32,29,03:25,03:27,2,3
1092,51,33,30,03:43,03:45,2,3
1093,51,34,31,04:10,04:12,1,3
1094,51,25,32,04:55,05:00,4,3
1095,51,35,33,05:17,05:19,2,3
1096,51,36,34,05:31,05:33,2,3
1097,51,37,35,06:06,06:11,2,3
1098,51,38,36,06:35,06:40,1,3
1099,51,39,37,07:25,07:35,4,3
1100,51,41,38,07:51,07:53,1,3
1101,51,43,39,08:25,08:35,5,3
1102,51,44,40,09:30,09:32,4,3
1103,51,45,41,10:55,,8,3
1104,52,82,1,,15:25,15,1
1105,52,78,3,18:53,18:55,1,1
1106,52,76,4,20:10,20:15,2,1
1107,52,70,5,23:30,23:40,1,1
1108,52,29,6,05:10,05:30,3,2
1109,52,26,7,07:05,07:07,4,2
1110,52,38,8,08:15,08:17,1,2
1111,52,39,9,09:15,09:20,3,2
1112,52,43,10,09:55,10:00,5,2
1113,52,45,11,12:00,,8,2
